<modification>
    <name>AdvancedSorting by iSenseLabs</name>
    <version>1.3.3</version>
    <link>http://isenselabs.com</link>
    <author>iSenseLabs.com</author>
    <code>isenselabs_advancedsorting</code>
    
    //Journal2 SuperFilter compatibility
    <file path="catalog/model/journal2/super_filter.php">
        <operation error="log">
            <search><![CDATA[$sort_data = array(]]></search>
            <add position="after"><![CDATA[
                // Advanced Sorting //
                'p.viewed',
                'p.date_modified',
                'p.number_sales',
                // Advanced Sorting //
            ]]></add>
        </operation>

        <operation>
            <search>
                <![CDATA[if (isset($data['order']) && ($data['order'] == 'DESC')) {]]>
            </search>
            
            <add position="replace"><![CDATA[
                if (isset($data['order']) && ($data['order'] == 'RAND')){
                $sql .= " ASC, RAND()";
                } else if (isset($data['order']) && ($data['order'] == 'DESC')) {
               ]]>
           </add>        
        </operation>

        <operation>
            <search>
                <![CDATA[if (isset($data['sort']) && in_array($data['sort'], $sort_data)) {]]>
            </search>
            
            <add position="replace"><![CDATA[if (isset($data['sort']) && in_array($data['sort'], $sort_data) && $data['order']!= 'RAND') {
               ]]>
           </add>        
        </operation>
    </file>

    <file path="catalog/model/catalog/product.php">
        <operation error="log">
            <search><![CDATA[$sort_data = array(]]></search>
            <add position="after"><![CDATA[
                // Advanced Sorting //
                'p.viewed',
                'p.date_modified',
                'p.number_sales',
                // Advanced Sorting //
            ]]></add>
        </operation>

        <operation>
            <search><![CDATA[$sql .= " LEFT JOIN " . DB_PREFIX . "product_description pd ON (p.product_id = pd.product_id) LEFT JOIN " . DB_PREFIX . "product_to_store p2s ON (p.product_id = p2s.product_id) WHERE pd.language_id = '" . (int)$this->config->get('config_language_id') . "' AND p.status = '1' AND p.date_available <= NOW() AND p2s.store_id = '" . (int)$this->config->get('config_store_id') . "'";]]></search>
            <add position="before"><![CDATA[
                // Advanced sorting
                if (isset($data['sort']) && $data['sort'] == 'p.number_sales') {
                    $sql .= " LEFT JOIN `" . DB_PREFIX . "order_product` AS `op` ON `op`.`product_id` = `p`.`product_id`";
                }
                // Advanced sorting
            ]]></add>
        </operation>

        <operation>
            <search>
                <![CDATA[if (isset($data['order']) && ($data['order'] == 'DESC')) {]]>
            </search>
            
            <add position="replace"><![CDATA[
                if (isset($data['order']) && ($data['order'] == 'RAND')){
                $sql .= " ASC, RAND()";
                } else if (isset($data['order']) && ($data['order'] == 'DESC')) {
               ]]>
           </add>        
        </operation>

        <operation>
            <search>
                <![CDATA[if (isset($data['sort']) && in_array($data['sort'], $sort_data)) {]]>
            </search>
            
            <add position="replace"><![CDATA[if (isset($data['sort']) && in_array($data['sort'], $sort_data) && $data['order']!= 'RAND') {
               ]]>
           </add>        
        </operation>

         <operation>
            <search><![CDATA[if ($data['sort'] == 'pd.name' || $data['sort'] == 'p.model') {]]></search>
            <add position="replace"><![CDATA[
                // Advanced Sorting
                if ($data['sort'] == 'p.number_sales') {
                   $sql .= " ORDER BY SUM(`op`.`quantity`) ";
                }
                else if ($data['sort'] == 'pd.name' || $data['sort'] == 'p.model') {
                // Advanced Sorting
                ]]></add>
        </operation>
    </file>

    <file path="catalog/controller/product/category.php">
        <operation error="log">
            <search><![CDATA[if ($this->config->get('config_review_status')) {]]></search>
            <add position="before"><![CDATA[
                // Advanced Sorting //
                $this->load->language('extension/module/advancedsorting');
                $data['sorts'][] = array(
                    'text'  => $this->language->get('text_viewed'),
                    'value' => 'p.viewed-DESC',
                    'href'  => $this->url->link('product/category', 'path=' . $this->request->get['path'] . '&sort=p.viewed&order=DESC' . $url)
                );

                $data['sorts'][] = array(
                    'text'  => $this->language->get('text_date_added_desc'),
                    'value' => 'p.date_added-DESC',
                    'href'  => $this->url->link('product/category', 'path=' . $this->request->get['path'] . '&sort=p.date_added&order=DESC' . $url)
                );

                $data['sorts'][] = array(
                    'text'  => $this->language->get('text_date_added_asc'),
                    'value' => 'p.date_added-ASC',
                    'href'  => $this->url->link('product/category', 'path=' . $this->request->get['path'] . '&sort=p.date_added&order=ASC' . $url)
                );

                 $data['sorts'][] = array(
                    'text'  => $this->language->get('text_date_added_rand'),
                    'value' => 'p.date_added-RAND',
                    'href'  => $this->url->link('product/category', 'path=' . $this->request->get['path'] . '&sort=p.date_added&order=RAND' . $url)
                );
                
                $data['sorts'][] = array(
                    'text'  => $this->language->get('text_date_modified_desc'),
                    'value' => 'p.date_modified-DESC',
                    'href'  => $this->url->link('product/category', 'path=' . $this->request->get['path'] . '&sort=p.date_modified&order=DESC' . $url)
                );

                $data['sorts'][] = array(
                    'text'  => $this->language->get('text_date_modified_asc'),
                    'value' => 'p.date_modified-ASC',
                    'href'  => $this->url->link('product/category', 'path=' . $this->request->get['path'] . '&sort=p.date_modified&order=ASC' . $url)
                );
                
                $data['sorts'][] = array(
                    'text'  => $this->language->get('text_date_modified_rand'),
                    'value' => 'p.date_modified-RAND',
                    'href'  => $this->url->link('product/category', 'path=' . $this->request->get['path'] . '&sort=p.date_modified&order=RAND' . $url)
                );

                $data['sorts'][] = array(
                    'text' => $this->language->get('text_number_sales_asc'),
                    'value' => 'p.number_sales-ASC',
                    'href' => $this->url->link('product/category', 'path=' . $this->request->get['path'] . '&sort=p.number_sales&order=ASC' . $url)
                );

                $data['sorts'][] = array(
                    'text' => $this->language->get('text_number_sales_desc'),
                    'value' => 'p.number_sales-DESC',
                    'href' => $this->url->link('product/category', 'path=' . $this->request->get['path'] . '&sort=p.number_sales&order=DESC' . $url)
                );

                $data['sorts'][] = array(
                    'text' => $this->language->get('text_number_sales_rand'),
                    'value' => 'p.number_sales-RAND',
                    'href' => $this->url->link('product/category', 'path=' . $this->request->get['path'] . '&sort=p.number_sales&order=RAND' . $url)
                );
                // Advanced Sorting //
            ]]></add>
        </operation>

        <operation error="log">
            <search><![CDATA['href' => $this->url->link('product/category', 'path=' . $this->request->get['path'] . '&sort=p.price&order=DESC' . $url)]]></search>
            <add position="after" offset="1"><![CDATA[
                // Advanced Sorting //
                $data['sorts'][] = array(
                'text'  => $this->language->get('text_price_rand'),
                'value' => 'p.price-RAND',
                'href'  => $this->url->link('product/category', 'path=' . $this->request->get['path'] . '&sort=p.price&order=RAND' . $url)
            );
                // Advanced Sorting //
            ]]></add>
        </operation>

        <operation error="log">
            <search><![CDATA['href' => $this->url->link('product/category', 'path=' . $this->request->get['path'] . '&sort=pd.name&order=DESC' . $url)]]></search>
            <add position="after" offset="1"><![CDATA[
                // Advanced Sorting //
                $data['sorts'][] = array(
                'text'  => $this->language->get('text_name_rand'),
                'value' => 'pd.name-RAND',
                'href'  => $this->url->link('product/category', 'path=' . $this->request->get['path'] . '&sort=pd.name&order=RAND' . $url)
            );
                // Advanced Sorting //
            ]]></add>
        </operation>


        <operation error="log">
            <search><![CDATA['href'  => $this->url->link('product/category', 'path=' . $this->request->get['path'] . '&sort=p.model&order=DESC' . $url)]]></search>
            <add position="after" offset="1"><![CDATA[
                // Advanced Sorting //
                $data['sorts'][] = array(
                'text'  => $this->language->get('text_model_rand'),
                'value' => 'p.model-RAND',
                'href'  => $this->url->link('product/category', 'path=' . $this->request->get['path'] . '&sort=p.model&order=RAND' . $url)
            );
                // Advanced Sorting //
            ]]></add>
        </operation>

        <operation error="log">
            <search><![CDATA[if ($this->config->get('config_review_status')) {]]></search>
            <add position="after"><![CDATA[
                // Advanced Sorting //
                $data['sorts'][] = array(
                    'text'  => $this->language->get('text_rating_rand'),
                    'value' => 'rating-RAND',
                    'href'  => $this->url->link('product/category', 'path=' . $this->request->get['path'] . '&sort=rating&order=RAND' . $url)
                );
                // Advanced Sorting //
            ]]></add>
        </operation>
    </file>
  
    <file path="catalog/controller/product/manufacturer.php">
        <operation error="log">
            <search><![CDATA[public function info() {]]></search>
            <add position="after"><![CDATA[
                // Advanced Sorting //
                $adv_sorting = $this->config->get('advancedsorting');
                if (isset($adv_sorting) && !empty($adv_sorting) && $adv_sorting['Enabled']=='yes') {
                    if ($adv_sorting['ManufacturerSortingStatus']=='yes') {
                        $adv_sort   = $adv_sorting['ManufacturerSorting'];
                        $adv_order  = $adv_sorting['ManufacturerSortingOrder'];
                        $adv_limit  = $adv_sorting['ManufacturerProducts'];
                    } else {
                        $adv_sort   = 'p.sort_order';
                        $adv_order  = 'ASC';
                        if(version_compare(VERSION, '2.2.0.0', "<")) {
                            $adv_limit  = $this->config->get('config_product_limit');
                        }else{
                            $adv_limit  = $this->config->get($this->config->get('config_theme') . '_product_limit');
                        }
                    }
                } else {
                    $adv_sort   = 'p.sort_order';
                    $adv_order  = 'ASC';
                    if(version_compare(VERSION, '2.2.0.0', "<")) {
                        $adv_limit  = $this->config->get('config_product_limit');
                    }else{
                        $adv_limit  = $this->config->get($this->config->get('config_theme') . '_product_limit');
                    }
                }
                // Advanced Sorting //
            ]]></add>
        </operation>
      
        <operation error="log">
            <search><![CDATA[$limit = (int)$this->config->get($this->config->get('config_theme') . '_product_limit');]]></search>
            <add position="replace"><![CDATA[
                // Advanced Sorting //
                $limit = $adv_limit;
                // Advanced Sorting //
            ]]></add>
        </operation>
      
        <operation error="log">
            <search><![CDATA[if ($this->config->get('config_review_status')) {]]></search>
            <add position="before"><![CDATA[
                // Advanced Sorting //
                $this->load->language('extension/module/advancedsorting');
                $data['sorts'][] = array(
                    'text'  => $this->language->get('text_viewed'),
                    'value' => 'p.viewed-DESC',
                    'href'  => $this->url->link('product/manufacturer/info', 'manufacturer_id=' . $this->request->get['manufacturer_id'] . '&sort=p.viewed&order=DESC' . $url)
                );

                $data['sorts'][] = array(
                    'text'  => $this->language->get('text_date_added_desc'),
                    'value' => 'p.date_added-DESC',
                    'href'  => $this->url->link('product/manufacturer/info', 'manufacturer_id=' . $this->request->get['manufacturer_id'] . '&sort=p.date_added&order=DESC' . $url)
                );

                 $data['sorts'][] = array(
                    'text'  => $this->language->get('text_date_added_asc'),
                    'value' => 'p.date_added-ASC',
                    'href'  => $this->url->link('product/manufacturer/info', 'manufacturer_id=' . $this->request->get['manufacturer_id'] . '&sort=p.date_added&order=ASC' . $url)
                );
                
                $data['sorts'][] = array(
                    'text'  => $this->language->get('text_date_modified_desc'),
                    'value' => 'p.date_modified-DESC',
                    'href'  => $this->url->link('product/manufacturer/info', 'manufacturer_id=' . $this->request->get['manufacturer_id'] . '&sort=p.date_modified&order=DESC' . $url)
                );

                $data['sorts'][] = array(
                    'text'  => $this->language->get('text_date_modified_asc'),
                    'value' => 'p.date_modified-ASC',
                    'href'  => $this->url->link('product/manufacturer/info', 'manufacturer_id=' . $this->request->get['manufacturer_id'] . '&sort=p.date_modified&order=ASC' . $url)
                );

                $data['sorts'][] = array(
                    'text'  => $this->language->get('text_date_added_rand'),
                    'value' => 'p.date_added-RAND',
                    'href'  => $this->url->link('product/manufacturer/info', 'manufacturer_id=' . $this->request->get['manufacturer_id'] . '&sort=p.date_added&order=RAND' . $url)
                );
                
                 $data['sorts'][] = array(
                    'text'  => $this->language->get('text_date_modified_rand'),
                    'value' => 'p.date_modified-RAND',
                    'href'  => $this->url->link('product/manufacturer/info', 'manufacturer_id=' . $this->request->get['manufacturer_id'] . '&sort=p.date_modified&order=RAND' . $url)
                );

                $data['sorts'][] = array(
                    'text' => $this->language->get('text_number_sales_asc'),
                    'value' => 'p.number_sales-ASC',
                    'href' => $this->url->link('product/manufacturer/info', 'manufacturer_id=' . $this->request->get['manufacturer_id'] . '&sort=p.number_sales&order=ASC' . $url)
                );

                $data['sorts'][] = array(
                    'text' => $this->language->get('text_number_sales_desc'),
                    'value' => 'p.number_sales-DESC',
                    'href' => $this->url->link('product/manufacturer/info', 'manufacturer_id=' . $this->request->get['manufacturer_id'] . '&sort=p.number_sales&order=DESC' . $url)
                );

                $data['sorts'][] = array(
                    'text' => $this->language->get('text_number_sales_rand'),
                    'value' => 'p.number_sales-RAND',
                    'href' => $this->url->link('product/manufacturer/info', 'manufacturer_id=' . $this->request->get['manufacturer_id'] . '&sort=p.number_sales&order=RAND' . $url)
                );
                // Advanced Sorting //
            ]]></add>
        </operation>

            <operation error="log">
            <search><![CDATA[if ($this->config->get('config_review_status')) {]]></search>
            <add position="after"><![CDATA[
                // Advanced Sorting //
                $data['sorts'][] = array(
                    'text'  => $this->language->get('text_rating_rand'),
                    'value' => 'rating-RAND',
                    'href'  => $this->url->link('product/manufacturer/info', 'manufacturer_id=' . $this->request->get['manufacturer_id'] . '&sort=rating&order=RAND' . $url)
                );
                // Advanced Sorting //
            ]]></add>
        </operation>

        <operation error="log">
            <search><![CDATA['href'  => $this->url->link('product/manufacturer/info', 'manufacturer_id=' . $this->request->get['manufacturer_id'] . '&sort=p.model&order=DESC' . $url)]]></search>
            <add position="after" offset="1"><![CDATA[
                // Advanced Sorting //
                $data['sorts'][] = array(
                'text'  => $this->language->get('text_model_rand'),
                'value' => 'p.model-RAND',
                'href'  => $this->url->link('product/manufacturer/info', 'manufacturer_id=' . $this->request->get['manufacturer_id'] . '&sort=p.model&order=RAND' . $url)
            );
                // Advanced Sorting //
            ]]></add>
        </operation>

        <operation error="log">
            <search><![CDATA['href'  => $this->url->link('product/manufacturer/info', 'manufacturer_id=' . $this->request->get['manufacturer_id'] . '&sort=pd.name&order=DESC' . $url)]]></search>
            <add position="after" offset="1"><![CDATA[
                // Advanced Sorting //
                $data['sorts'][] = array(
                'text'  => $this->language->get('text_name_rand'),
                'value' => 'pd.name-RAND',
                'href'  => $this->url->link('product/manufacturer/info', 'manufacturer_id=' . $this->request->get['manufacturer_id'] . '&sort=pd.name&order=RAND' . $url)
            );
                // Advanced Sorting //
            ]]></add>
        </operation>

        <operation error="log">
            <search><![CDATA['href'  => $this->url->link('product/manufacturer/info', 'manufacturer_id=' . $this->request->get['manufacturer_id'] . '&sort=p.price&order=DESC' . $url)]]></search>
            <add position="after" offset="1"><![CDATA[
                // Advanced Sorting //
                $data['sorts'][] = array(
                'text'  => $this->language->get('text_price_rand'),
                'value' => 'p.price-RAND',
                'href'  => $this->url->link('product/manufacturer/info', 'manufacturer_id=' . $this->request->get['manufacturer_id'] . '&sort=p.price&order=RAND' . $url)
            );
                // Advanced Sorting //
            ]]></add>
        </operation>
    </file>
  
    <file path="catalog/controller/product/search.php">
        <operation error="log">
            <search><![CDATA[if ($this->config->get('config_review_status')) {]]></search>
            <add position="before"><![CDATA[
                // Advanced Sorting //
                $this->load->language('extension/module/advancedsorting');
                $data['sorts'][] = array(
                    'text'  => $this->language->get('text_viewed'),
                    'value' => 'p.viewed-DESC',
                    'href'  => $this->url->link('product/search', 'sort=p.viewed&order=DESC' . $url)
                );
                $data['sorts'][] = array(
                    'text'  => $this->language->get('text_date_added_desc'),
                    'value' => 'p.date_added-DESC',
                    'href'  => $this->url->link('product/search', 'sort=p.date_added&order=DESC' . $url)
                );
                
                $data['sorts'][] = array(
                    'text'  => $this->language->get('text_date_added_asc'),
                    'value' => 'p.date_added-ASC',
                    'href'  => $this->url->link('product/search', 'sort=p.date_added&order=ASC' . $url)
                );
                
                $data['sorts'][] = array(
                    'text'  => $this->language->get('text_date_modified_desc'),
                    'value' => 'p.date_modified-DESC',
                    'href'  => $this->url->link('product/search', 'sort=p.date_modified&order=DESC' . $url)
                    
                );
                
                $data['sorts'][] = array(
                    'text'  => $this->language->get('text_date_modified_asc'),
                    'value' => 'p.date_modified-ASC',
                    'href'  => $this->url->link('product/search', 'sort=p.date_modified&order=ASC' . $url)
                    
                );

                $data['sorts'][] = array(
                    'text'  => $this->language->get('text_date_added_rand'),
                    'value' => 'p.date_added-RAND',
                    'href'  => $this->url->link('product/search', 'sort=p.date_added&order=RAND' . $url)
                );
                
                $data['sorts'][] = array(
                    'text'  => $this->language->get('text_date_modified_rand'),
                    'value' => 'p.date_modified-RAND',
                    'href'  => $this->url->link('product/search', 'sort=p.date_modified&order=RAND' . $url)
                    
                );

                $data['sorts'][] = array(
                    'text' => $this->language->get('text_number_sales_asc'),
                    'value' => 'p.number_sales-ASC',
                    'href' => $this->url->link('product/search', 'sort=p.number_sales&order=ASC' . $url)
                );

                $data['sorts'][] = array(
                    'text' => $this->language->get('text_number_sales_desc'),
                    'value' => 'p.number_sales-DESC',
                    'href' => $this->url->link('product/search', 'sort=p.number_sales&order=DESC' . $url)
                );

                $data['sorts'][] = array(
                    'text' => $this->language->get('text_number_sales_rand'),
                    'value' => 'p.number_sales-RAND',
                    'href' => $this->url->link('product/search', 'sort=p.number_sales&order=RAND' . $url)
                );
                // Advanced Sorting //
            ]]></add>
        </operation>

        <operation error="log">
            <search><![CDATA[if ($this->config->get('config_review_status')) {]]></search>
            <add position="after"><![CDATA[
                // Advanced Sorting //
                $data['sorts'][] = array(
                    'text'  => $this->language->get('text_rating_rand'),
                    'value' => 'rating-RAND',
                    'href'  => $this->url->link('product/search', 'sort=rating&order=RAND' . $url)
                );
                // Advanced Sorting //
            ]]></add>
        </operation>

            <operation error="log">
            <search><![CDATA['href'  => $this->url->link('product/search', 'sort=p.model&order=DESC' . $url)]]></search>
            <add position="after" offset="1"><![CDATA[
                // Advanced Sorting //
                $data['sorts'][] = array(
                'text'  => $this->language->get('text_model_rand'),
                'value' => 'p.model-RAND',
                'href'  => $this->url->link('product/search', 'sort=p.model&order=RAND' . $url)
            );
                // Advanced Sorting //
            ]]></add>
        </operation>

        <operation error="log">
            <search><![CDATA['href'  => $this->url->link('product/search', 'sort=pd.name&order=DESC' . $url)]]></search>
            <add position="after" offset="1"><![CDATA[
                // Advanced Sorting //
                $data['sorts'][] = array(
                'text'  => $this->language->get('text_name_rand'),
                'value' => 'pd.name-RAND',
                'href'  => $this->url->link('product/search', 'sort=pd.name&order=RAND' . $url)
            );
                // Advanced Sorting //
            ]]></add>
        </operation>

        <operation error="log">
            <search><![CDATA['href'  => $this->url->link('product/search', 'sort=p.price&order=DESC' . $url)]]></search>
            <add position="after" offset="1"><![CDATA[
                // Advanced Sorting //
                $data['sorts'][] = array(
                'text'  => $this->language->get('text_price_rand'),
                'value' => 'p.price-RAND',
                'href'  => $this->url->link('product/search', 'sort=p.price&order=RAND' . $url)
            );
                // Advanced Sorting //
            ]]></add>
        </operation>
    </file>
  
    <file path="catalog/controller/product/special.php">
        <operation error="log">
            <search><![CDATA[$limits = array_unique(array($this->config->get($this->config->get('config_theme') . '_product_limit'), 25, 50, 75, 100));]]></search>
            <add position="replace"><![CDATA[
                // Advanced Sorting //
                $limits = array_unique(array($this->config->get($this->config->get('config_theme') . '_product_limit'),$adv_limit, 25, 50, 75, 100));
                // Advanced Sorting //
            ]]></add>
        </operation>

        <operation error="log">
            <search><![CDATA['href'  => $this->url->link('product/special', 'sort=p.model&order=DESC' . $url)]]></search>
            <add position="after" offset="1"><![CDATA[
                // Advanced Sorting //
                $data['sorts'][] = array(
                'text'  => $this->language->get('text_model_rand'),
                'value' => 'p.model-RAND',
                'href'  => $this->url->link('product/special', 'sort=p.model&order=RAND' . $url)
                );
                // Advanced Sorting //
            ]]></add>
        </operation>

        <operation error="log">
            <search><![CDATA['href'  => $this->url->link('product/special', 'sort=pd.name&order=DESC' . $url)]]></search>
            <add position="after" offset="1"><![CDATA[
                // Advanced Sorting //
                $data['sorts'][] = array(
                'text'  => $this->language->get('text_name_rand'),
                'value' => 'pd.name-RAND',
                'href'  => $this->url->link('product/special', 'sort=pd.name&order=RAND' . $url)
                );
                // Advanced Sorting //
            ]]></add>
        </operation>


        <operation error="log">
            <search><![CDATA['href'  => $this->url->link('product/special', 'sort=ps.price&order=DESC' . $url)]]></search>
            <add position="after" offset="1"><![CDATA[
                // Advanced Sorting //
                $data['sorts'][] = array(
                'text'  => $this->language->get('text_price_rand'),
                'value' => 'ps.price-RAND',
                'href'  => $this->url->link('product/special', 'sort=ps.price&order=RAND' . $url)
            );
                // Advanced Sorting //
            ]]></add>
        </operation>
    </file> 

    <file path="catalog/controller/product/{category,search,manufacturer}.php">
        <operation error="log">
            <operation error="log">
            <search><![CDATA[$limits = array_unique(array($this->config->get($this->config->get('config_theme') . '_product_limit'), 25, 50, 75, 100));]]></search>
            <add position="replace"><![CDATA[
                // Advanced Sorting //
                $limits = array_unique(array($this->config->get($this->config->get('config_theme') . '_product_limit'),$adv_limit,25, 50, 75, 100));
                // Advanced Sorting //
            ]]></add>
        </operation>
        </operation>
    </file>

    <file path="catalog/controller/product/{category,search,special}.php">
        <operation error="log">
            <search><![CDATA[public function index() {]]></search>
            <add position="after"><![CDATA[
                // Advanced Sorting //
                $current_class = str_replace('ControllerProduct', '', get_class($this));
                $adv_sorting = $this->config->get('advancedsorting');
                
                if (isset($adv_sorting) && !empty($adv_sorting) && $adv_sorting['Enabled']=='yes') {
                    if ($adv_sorting[$current_class . 'SortingStatus']=='yes') {
                        $adv_sort   = $adv_sorting[$current_class . 'Sorting'];
                        $adv_order  = $adv_sorting[$current_class . 'SortingOrder'];
                        $adv_limit  = $adv_sorting[$current_class . 'Products'];
                    } else {
                        $adv_sort   = 'p.sort_order';
                        $adv_order  = 'ASC';
                        if(version_compare(VERSION, '2.2.0.0', "<")) {
                            $adv_limit  = $this->config->get('config_product_limit');
                        }else{
                            $adv_limit  = $this->config->get($this->config->get('config_theme') . '_product_limit');
                        }
                    }
                } else {
                    $adv_sort   = 'p.sort_order';
                    $adv_order  = 'ASC';
                    if(version_compare(VERSION, '2.2.0.0', "<")) {
                        $adv_limit  = $this->config->get('config_product_limit');
                    }else{
                        $adv_limit  = $this->config->get($this->config->get('config_theme') . '_product_limit');
                    }
                }
                // Advanced Sorting //
            ]]></add>
        </operation>

        <operation error="log">
            <search><![CDATA[$limit = $this->config->get($this->config->get('config_theme') . '_product_limit');]]></search>
            <add position="replace"><![CDATA[
                // Advanced Sorting //
                $limit = $adv_limit;
                // Advanced Sorting //
            ]]></add>
        </operation>
    </file>

    <file path="catalog/controller/product/{category,manufacturer,special,search,isearch}*.php">
        <operation error="log">
            <search><![CDATA[$sort = 'p.sort_order';]]></search>
            <add position="replace"><![CDATA[
                // Advanced Sorting //
                $sort = $adv_sort;
                // Advanced Sorting //
            ]]></add>
        </operation>

        <operation error="log">
            <search><![CDATA[$order = 'ASC';]]></search>
            <add position="replace"><![CDATA[
                // Advanced Sorting //
                $order = $adv_order;
                // Advanced Sorting //
            ]]></add>
        </operation>

         <operation error="log">
            <search><![CDATA[$limit = $this->config->get('config_product_limit');]]></search>
            <add position="replace"><![CDATA[
                // Advanced Sorting //
                $limit = $adv_limit;
                // Advanced Sorting //
            ]]></add>
        </operation>

        <operation error="log">
            <search><![CDATA[$limits = array_unique(array($this->config->get('config_product_limit'), 25, 50, 75, 100));]]></search>
            <add position="replace"><![CDATA[
                // Advanced Sorting //
                $limits = array_unique(array($this->config->get('config_product_limit'), $adv_limit, 25, 50, 75, 100));
                // Advanced Sorting //
            ]]></add>
        </operation>
    </file> 

    <file path="catalog/controller/product/isearch.php">
         <operation error="log">
            <search><![CDATA[public function index() {]]></search>
            <add position="after"><![CDATA[
                // Advanced Sorting //
                $adv_sorting = $this->config->get('advancedsorting');
            if (isset($adv_sorting) && !empty($adv_sorting) && $adv_sorting['Enabled']=='yes') {
                if ($adv_sorting['SearchSortingStatus']=='yes') {
                    $adv_sort   = $adv_sorting['SearchSorting'];
                    $adv_order  = $adv_sorting['SearchSortingOrder'];
                    $adv_limit  = $adv_sorting['SearchProducts'];
                } else {
                    $adv_sort   = 'p.sort_order';
                    $adv_order  = 'ASC';
                    if(version_compare(VERSION, '2.2.0.0', "<")) {
                        $adv_limit  = $this->config->get('config_product_limit');
                    }else{
                        $adv_limit  = $this->config->get($this->config->get('config_theme') . '_product_limit');
                    }
                }
            } else {
                $adv_sort   = 'p.sort_order';
                $adv_order  = 'ASC';
                if(version_compare(VERSION, '2.2.0.0', "<")) {
                    $adv_limit  = $this->config->get('config_product_limit');
                }else{
                    $adv_limit  = $this->config->get($this->config->get('config_theme') . '_product_limit');
                }
            }
                // Advanced Sorting //
            ]]></add>
        </operation>

        <operation error="log">
            <search><![CDATA[if ($this->config->get('config_review_status')) {]]></search>
            <add position="before"><![CDATA[
                // Advanced Sorting //
                $this->load->language('extension/module/advancedsorting');
                $data['sorts'][] = array(
                    'text'  => $this->language->get('text_viewed'),
                    'value' => 'p.viewed-DESC',
                    'href'  => $this->url->link('product/isearch', 'sort=p.viewed&order=DESC' . $url)
                );
                $data['sorts'][] = array(
                    'text'  => $this->language->get('text_date_added_desc'),
                    'value' => 'p.date_added-DESC',
                    'href'  => $this->url->link('product/isearch', 'sort=p.date_added&order=DESC' . $url)
                );
                
                $data['sorts'][] = array(
                    'text'  => $this->language->get('text_date_added_asc'),
                    'value' => 'p.date_added-ASC',
                    'href'  => $this->url->link('product/isearch', 'sort=p.date_added&order=ASC' . $url)
                );
                
                $data['sorts'][] = array(
                    'text'  => $this->language->get('text_date_modified_desc'),
                    'value' => 'p.date_modified-DESC',
                    'href'  => $this->url->link('product/isearch', 'sort=p.date_modified&order=DESC' . $url)
                    
                );
                
                $data['sorts'][] = array(
                    'text'  => $this->language->get('text_date_modified_asc'),
                    'value' => 'p.date_modified-ASC',
                    'href'  => $this->url->link('product/isearch', 'sort=p.date_modified&order=ASC' . $url)
                    
                );

                $data['sorts'][] = array(
                    'text'  => $this->language->get('text_date_added_rand'),
                    'value' => 'p.date_added-RAND',
                    'href'  => $this->url->link('product/isearch', 'sort=p.date_added&order=RAND' . $url)
                );
                
                $data['sorts'][] = array(
                    'text'  => $this->language->get('text_date_modified_rand'),
                    'value' => 'p.date_modified-RAND',
                    'href'  => $this->url->link('product/isearch', 'sort=p.date_modified&order=RAND' . $url)
                    
                );

                $data['sorts'][] = array(
                    'text' => $this->language->get('text_number_sales_asc'),
                    'value' => 'p.number_sales-ASC',
                    'href' => $this->url->link('product/isearch', 'sort=p.number_sales&order=ASC' . $url)
                );

                $data['sorts'][] = array(
                    'text' => $this->language->get('text_number_sales_desc'),
                    'value' => 'p.number_sales-DESC',
                    'href' => $this->url->link('product/isearch', 'sort=p.number_sales&order=DESC' . $url)
                );

                $data['sorts'][] = array(
                    'text' => $this->language->get('text_number_sales_rand'),
                    'value' => 'p.number_sales-RAND',
                    'href' => $this->url->link('product/isearch', 'sort=p.number_sales&order=RAND' . $url)
                );
                // Advanced Sorting //
            ]]></add>
        </operation>

        <operation error="log">
            <search><![CDATA[if ($this->config->get('config_review_status')) {]]></search>
            <add position="after"><![CDATA[
                // Advanced Sorting //
                $data['sorts'][] = array(
                    'text'  => $this->language->get('text_rating_rand'),
                    'value' => 'rating-RAND',
                    'href'  => $this->url->link('product/isearch', 'sort=rating&order=RAND' . $url)
                );
                // Advanced Sorting //
            ]]></add>
        </operation>

            <operation error="log">
            <search><![CDATA['href'  => $this->url->link('product/isearch', 'sort=p.model&order=DESC' . $url)]]></search>
            <add position="after" offset="1"><![CDATA[
                // Advanced Sorting //
                $data['sorts'][] = array(
                'text'  => $this->language->get('text_model_rand'),
                'value' => 'p.model-RAND',
                'href'  => $this->url->link('product/isearch', 'sort=p.model&order=RAND' . $url)
            );
                // Advanced Sorting //
            ]]></add>
        </operation>

        <operation error="log">
            <search><![CDATA['href'  => $this->url->link('product/isearch', 'sort=pd.name&order=DESC' . $url)]]></search>
            <add position="after" offset="1"><![CDATA[
                // Advanced Sorting //
                $data['sorts'][] = array(
                'text'  => $this->language->get('text_name_rand'),
                'value' => 'pd.name-RAND',
                'href'  => $this->url->link('product/isearch', 'sort=pd.name&order=RAND' . $url)
            );
                // Advanced Sorting //
            ]]></add>
        </operation>

        <operation error="log">
            <search><![CDATA['href'  => $this->url->link('product/isearch', 'sort=p.price&order=DESC' . $url)]]></search>
            <add position="after" offset="1"><![CDATA[
                // Advanced Sorting //
                $data['sorts'][] = array(
                'text'  => $this->language->get('text_price_rand'),
                'value' => 'p.price-RAND',
                'href'  => $this->url->link('product/isearch', 'sort=p.price&order=RAND' . $url)
            );
                // Advanced Sorting //
            ]]></add>
        </operation>
    </file>
</modification>